{
  "params": {
    "smoothing_window": 5,
    "smoothing_passes": 2,
    "measure_geodesic_runtime": true,
    "geodesic": {
      "max_iterations": 5000,
      "fidelity_weight": 50000000.0,
      "initial_temperature": 1.0,
      "cooling_rate": 0.995,
      "perturbation_radius_m": 0.01,
      "max_candidate_step_m": 0.0075,
      "corner_perturbation_scale": 0.1,
      "random_seed": 0,
      "normal_k_neighbors": 20
    }
  },
  "cases": [
    {
      "case": "live_gui_0615_161553",
      "input_dir": "breast_path_planning/results/live_gui_0615_161553",
      "methods": {
        "original": {
          "kg_squared_sum": 268355.052541407,
          "max_abs_kg": 209.45829707214727,
          "mean_displacement_mm": 0.0
        },
        "moving_average": {
          "kg_squared_sum": 486056.9206764501,
          "max_abs_kg": 282.4914026266814,
          "mean_displacement_mm": 3.95633395948025
        },
        "geodesic": {
          "kg_squared_sum": 119083.73227287288,
          "max_abs_kg": 119.42904445214752,
          "mean_displacement_mm": 1.730844751191402
        }
      },
      "runtime_s": {
        "moving_average": 0.00040465300116920844,
        "geodesic": 4.383089678001852
      }
    },
    {
      "case": "live_gui_0615_161739",
      "input_dir": "breast_path_planning/results/live_gui_0615_161739",
      "methods": {
        "original": {
          "kg_squared_sum": 336674.8310423425,
          "max_abs_kg": 207.95865067936407,
          "mean_displacement_mm": 0.0
        },
        "moving_average": {
          "kg_squared_sum": 578449.1743697454,
          "max_abs_kg": 260.6500153215563,
          "mean_displacement_mm": 4.429562576854258
        },
        "geodesic": {
          "kg_squared_sum": 148021.50576102658,
          "max_abs_kg": 133.43590459567915,
          "mean_displacement_mm": 1.8951042134908958
        }
      },
      "runtime_s": {
        "moving_average": 0.00039873100104159676,
        "geodesic": 4.930545643001096
      }
    },
    {
      "case": "live_gui_0615_161901",
      "input_dir": "breast_path_planning/results/live_gui_0615_161901",
      "methods": {
        "original": {
          "kg_squared_sum": 346562.7769266444,
          "max_abs_kg": 240.86952722820186,
          "mean_displacement_mm": 0.0
        },
        "moving_average": {
          "kg_squared_sum": 564400.5961974361,
          "max_abs_kg": 258.7173360670592,
          "mean_displacement_mm": 4.348570774107379
        },
        "geodesic": {
          "kg_squared_sum": 153379.4085529636,
          "max_abs_kg": 134.44826846241415,
          "mean_displacement_mm": 1.7571170312538926
        }
      },
      "runtime_s": {
        "moving_average": 0.000410388001910178,
        "geodesic": 4.937752909001574
      }
    },
    {
      "case": "live_gui_0615_162247",
      "input_dir": "breast_path_planning/results/live_gui_0615_162247",
      "methods": {
        "original": {
          "kg_squared_sum": 279845.84356765146,
          "max_abs_kg": 223.3742728655307,
          "mean_displacement_mm": 0.0
        },
        "moving_average": {
          "kg_squared_sum": 458392.68897446716,
          "max_abs_kg": 257.5506177817963,
          "mean_displacement_mm": 4.273208134489755
        },
        "geodesic": {
          "kg_squared_sum": 113599.32736294976,
          "max_abs_kg": 141.28852519814177,
          "mean_displacement_mm": 2.0976390342743065
        }
      },
      "runtime_s": {
        "moving_average": 0.000488369998492999,
        "geodesic": 4.155925524999475
      }
    },
    {
      "case": "live_gui_0615_162424",
      "input_dir": "breast_path_planning/results/live_gui_0615_162424",
      "methods": {
        "original": {
          "kg_squared_sum": 430880.4539408722,
          "max_abs_kg": 375.966943366808,
          "mean_displacement_mm": 0.0
        },
        "moving_average": {
          "kg_squared_sum": 600275.5896361906,
          "max_abs_kg": 283.4509861951011,
          "mean_displacement_mm": 4.451908994563807
        },
        "geodesic": {
          "kg_squared_sum": 134892.97096011695,
          "max_abs_kg": 131.91944128618113,
          "mean_displacement_mm": 2.0668913663214985
        }
      },
      "runtime_s": {
        "moving_average": 0.00044090699884691276,
        "geodesic": 4.990007552001771
      }
    },
    {
      "case": "live_gui_0615_162640",
      "input_dir": "breast_path_planning/results/live_gui_0615_162640",
      "methods": {
        "original": {
          "kg_squared_sum": 296571.846793282,
          "max_abs_kg": 246.41952367748002,
          "mean_displacement_mm": 0.0
        },
        "moving_average": {
          "kg_squared_sum": 485617.93088488514,
          "max_abs_kg": 280.47751220738303,
          "mean_displacement_mm": 4.362379476365151
        },
        "geodesic": {
          "kg_squared_sum": 108402.428584678,
          "max_abs_kg": 113.80264667555484,
          "mean_displacement_mm": 1.8678100599921579
        }
      },
      "runtime_s": {
        "moving_average": 0.00034237599902553484,
        "geodesic": 4.091349383998022
      }
    },
    {
      "case": "live_gui_0615_163050",
      "input_dir": "breast_path_planning/results/live_gui_0615_163050",
      "methods": {
        "original": {
          "kg_squared_sum": 401396.14296406356,
          "max_abs_kg": 331.22324181429804,
          "mean_displacement_mm": 0.0
        },
        "moving_average": {
          "kg_squared_sum": 562943.5384095112,
          "max_abs_kg": 270.0067050654802,
          "mean_displacement_mm": 5.08641236644068
        },
        "geodesic": {
          "kg_squared_sum": 126329.64313668053,
          "max_abs_kg": 119.97537369810314,
          "mean_displacement_mm": 1.9194491292270992
        }
      },
      "runtime_s": {
        "moving_average": 0.0004022229986730963,
        "geodesic": 4.527657506998366
      }
    },
    {
      "case": "live_gui_0615_163223",
      "input_dir": "breast_path_planning/results/live_gui_0615_163223",
      "methods": {
        "original": {
          "kg_squared_sum": 792793.805852073,
          "max_abs_kg": 629.9621246606197,
          "mean_displacement_mm": 0.0
        },
        "moving_average": {
          "kg_squared_sum": 538306.2708762228,
          "max_abs_kg": 263.3623472708073,
          "mean_displacement_mm": 5.018586687580904
        },
        "geodesic": {
          "kg_squared_sum": 181980.5659205864,
          "max_abs_kg": 182.36815309084298,
          "mean_displacement_mm": 1.8501886323779506
        }
      },
      "runtime_s": {
        "moving_average": 0.0004659609985537827,
        "geodesic": 4.7376687089999905
      }
    },
    {
      "case": "live_gui_0615_163404",
      "input_dir": "breast_path_planning/results/live_gui_0615_163404",
      "methods": {
        "original": {
          "kg_squared_sum": 285263.213497834,
          "max_abs_kg": 198.28983941979584,
          "mean_displacement_mm": 0.0
        },
        "moving_average": {
          "kg_squared_sum": 458951.4711492012,
          "max_abs_kg": 247.98073534331442,
          "mean_displacement_mm": 4.378405602220843
        },
        "geodesic": {
          "kg_squared_sum": 105540.82740022281,
          "max_abs_kg": 115.52421394340321,
          "mean_displacement_mm": 1.926766605371289
        }
      },
      "runtime_s": {
        "moving_average": 0.00034785100069711916,
        "geodesic": 3.8897977450033068
      }
    },
    {
      "case": "live_gui_0615_163519",
      "input_dir": "breast_path_planning/results/live_gui_0615_163519",
      "methods": {
        "original": {
          "kg_squared_sum": 292628.012827384,
          "max_abs_kg": 246.70274417454908,
          "mean_displacement_mm": 0.0
        },
        "moving_average": {
          "kg_squared_sum": 463869.08412924735,
          "max_abs_kg": 261.25271384864635,