{
  "T_tcp_camera": [
    [
      0.08929534190481847,
      0.995731843035702,
      -0.023333209784037155,
      0.1738405261853978
    ],
    [
      -0.9959880003581679,
      0.08940693616298401,
      0.0037819186250406256,
      0.016131651078062973
    ],
    [
      0.005851927600361673,
      0.0229018892380616,
      0.9997205901714178,
      0.052531594767963596
    ],
    [
      0.0,
      0.0,
      0.0,
      1.0
    ]
  ],
  "camera_matrix": [
    [
      533.7601824192242,
      0.0,
      326.1054798510177
    ],
    [
      0.0,
      534.6711506877691,
      245.22329527822671
    ],
    [
      0.0,
      0.0,
      1.0
    ]
  ],
  "dist_coeffs": [
    0.04948380721700662,
    -0.12762801137727267,
    0.0008626521703981697,
    0.0007282844605711992,
    0.24344614119871297
  ],
  "camera_calibration_rms_px": 0.09882536821240451,
  "validation": {
    "num_pnp_frames": 97,
    "base_board_translation_mean_m": [
      0.01671379813928113,
      -0.406825949592679,
      -0.03652140195570836
    ],
    "base_board_translation_error_mm": {
      "mean": 6.524265866514248,
      "p50": 5.959346315332552,
      "p95": 12.136129297841372,
      "max": 15.462035760646728
    },
    "base_board_rotation_error_deg_vs_first": {
      "mean": 2.2341954849777985,
      "p50": 1.696252706381628,
      "p95": 5.249023426365994,
      "max": 8.708252472744517
    },
    "reprojection_error_px": {
      "mean": 0.09119584603407949,
      "p50": 0.07904251664876938,
      "p95": 0.1870864659547805,
      "max": 0.21661272644996643
    }
  }
}